,Entry No_,Journal Batch Name,Line No_,Registering Date,Location Code,Zone Code,Bin Code,Description,Item No_,Quantity,Qty_ (Base),Source Type,Source Subtype,Source No_,Source Line No_,Source Subline No_,Source Document,Source Code,Reason Code,No_ Series,Bin Type Code,Cubage,Weight,Journal Template Name,Whse_ Document No_,Whse_ Document Type,Whse_ Document Line No_,Entry Type,Reference Document,Reference No_,User ID,Variant Code
0,W-749816,Items-EE-07197264-UK,10,Items-EE-07197264-UK.1,194,0,01-06-2022 21:00:00,07-06-2022 03:48:00,Unnamed: 8,Unnamed: 9,Unnamed: 10,Unnamed: 11,Unnamed: 12,Unnamed: 13,0.1,Unnamed: 15,Unnamed: 16,0.2,0.3,0.4,Unnamed: 20,Unnamed: 21,Unnamed: 22,4165,4165.1,1,0.5,0.6,591,0.7,Unnamed: 30,Unnamed: 31
1,W-426406,Items-TS-06879613-JP,10,Items-TS-06879613-JP,212,1,01-06-2022 21:00:00,,,,,,,,0,,,0,1,0,,,,733.0,733.0,1,0,0,289,,,
2,W-243322,Items-BC-03055426-CH,10,Items-BC-03055426-CH,216,0,01-06-2022 21:00:00,,,,,,,,0,,,1,0,4323,,,,1749.0,1749.0,0,0,0,379,,,
3,W-760167,Items-EE-01947410-JP,100,Items-EE-01947410-JP,180,1,01-06-2022 21:00:00,06-06-2022 04:33:00,,,,,,,0,,,0,1,0,,,,2063.0,2063.0,1,0,0,925,,,
4,W-685524,Items-EE-04264866-BR,10,Items-EE-04264866-BR,165,1,01-06-2022 21:00:00,07-06-2022 05:42:00,,,,,,,0,,,0,0,0,,,,,,0,0,1,491,0.0,,
5,W-670804,Items-EP-03621157-BR,10,Items-EP-03621157-BR,178,0,01-06-2022 21:00:00,07-06-2022 03:23:00,,,,,,,0,,,0,1,0,,,,3536.0,3536.0,1,0,0,40,0.0,,
6,W-666164,Items-BC-04459113-US,10,Items-BC-04459113-US,238,0,01-06-2022 21:00:00,06-06-2022 05:42:00,,,,,,,0,,,1,1,0,,,,,,0,0,1,995,,,
7,W-636341,Items-BC-03358366-US,100,Items-BC-03358366-US,219,1,01-06-2022 21:00:00,06-06-2022 04:25:00,,,,,,,0,,,1,0,3722,,,,,,1,0,0,674,0.0,,
8,W-287757,Items-EE-08274581-US,100,Items-EE-08274581-US,174,0,01-06-2022 21:00:00,05-06-2022 01:25:00,,,,,,,0,,,0,0,0,,,,2895.0,2895.0,1,0,0,774,,,
9,W-959021,Items-TS-06544504-BR,10,Items-TS-06544504-BR,220,1,01-06-2022 21:00:00,,,,,,,,0,,,1,1,3463,,,,3646.0,3646.0,0,0,0,688,,,
10,W-826468,Items-TS-04419885-CH,100,Items-TS-04419885-CH,166,1,01-06-2022 21:00:00,05-06-2022 04:49:00,,,,,,,0,,,0,0,0,,,,,,1,0,0,106,,,
11,W-847481,Items-BC-08373900-UK,100,Items-BC-08373900-UK,165,0,01-06-2022 21:00:00,04-06-2022 01:41:00,,,,,,,0,,,0,0,0,,,,,,0,0,0,339,0.0,,
12,W-220355,Items-BC-00078136-US,10,Items-BC-00078136-US,170,0,01-06-2022 21:00:00,,,,,,,,0,,,0,0,0,,,,,,0,0,0,8,,,
13,W-994063,Items-BC-07313892-JP,10,Items-BC-07313892-JP,222,1,01-06-2022 21:00:00,,,,,,,,0,,,0,1,0,,,,,,1,0,0,598,0.0,,
14,W-655634,Items-BC-00797195-JP,10,Items-BC-00797195-JP,216,0,01-06-2022 21:00:00,,,,,,,,0,,,1,1,0,,,,1670.0,1670.0,0,0,0,200,,,
15,W-695321,Items-BC-01252357-US,10,Items-BC-01252357-US,218,0,01-06-2022 21:00:00,,,,,,,,0,,,0,0,0,,,,2005.0,2005.0,1,0,1,273,0.0,,
16,W-772918,Items-TS-06196662-JP,100,Items-TS-06196662-JP,186,1,01-06-2022 21:00:00,03-06-2022 04:48:00,,,,,,,0,,,1,0,0,,,,,,0,0,0,882,0.0,,
17,W-151434,Items-SB-00509063-CH,100,Items-SB-00509063-CH,174,0,01-06-2022 21:00:00,03-06-2022 03:34:00,,,,,,,0,,,1,0,4937,,,,,,1,0,0,308,0.0,,
18,W-881446,Items-SB-06491467-IN,10,Items-SB-06491467-IN,161,1,01-06-2022 21:00:00,,,,,,,,0,,,1,0,0,,,,3826.0,3826.0,1,0,0,19,0.0,,
19,W-619485,Items-TS-00223294-BR,10,Items-TS-00223294-BR,235,0,01-06-2022 21:00:00,04-06-2022 01:48:00,,,,,,,0,,,0,0,0,,,,,,1,0,0,190,,,
20,W-411354,Items-EE-03921377-JP,100,Items-EE-03921377-JP,221,1,01-06-2022 21:00:00,,,,,,,,0,,,1,1,0,,,,455.0,455.0,1,0,0,528,0.0,,
21,W-312075,Items-EP-03052349-BR,100,Items-EP-03052349-BR,154,1,01-06-2022 21:00:00,,,,,,,,0,,,0,0,3582,,,,,,1,0,0,695,,,
22,W-869711,Items-TS-00689461-BR,10,Items-TS-00689461-BR,231,1,01-06-2022 21:00:00,,,,,,,,0,,,0,0,0,,,,164.0,164.0,1,0,0,937,,,
23,W-361394,Items-BC-02610967-US,10,Items-BC-02610967-US,231,1,01-06-2022 21:00:00,,,,,,,,0,,,1,1,0,,,,3731.0,3731.0,1,0,0,976,,,
24,W-159846,Items-TS-03528268-BR,10,Items-TS-03528268-BR,152,1,01-06-2022 06:00:00,03-06-2022 13:39:00,,,,,,,0,,,1,0,0,,,,913.0,913.0,0,0,0,664,0.0,,
25,W-718556,Items-BC-00797195-JP,10,Items-BC-00797195-JP,164,0,01-06-2022 06:00:00,02-06-2022 13:42:00,,,,,,,0,,,1,0,0,,,,,,0,0,0,713,,,
26,W-312828,Items-BC-01252357-US,10,Items-BC-01252357-US,230,1,01-06-2022 06:00:00,06-06-2022 14:49:00,,,,,,,0,,,1,1,3438,,,,,,1,0,0,51,0.0,,
27,W-472795,Items-TS-06196662-JP,10,Items-TS-06196662-JP,247,0,01-06-2022 06:00:00,03-06-2022 13:44:00,,,,,,,0,,,0,0,0,,,,3823.0,3823.0,0,0,0,925,0.0,,
28,W-320335,Items-TS-08597855-US,100,Items-TS-08597855-US,155,1,01-06-2022 06:00:00,03-06-2022 12:26:00,,,,,,,0,,,0,0,3968,,,,,,0,0,0,525,0.0,,
29,W-321699,Items-EP-08791802-BR,100,Items-EP-08791802-BR,226,0,01-06-2022 06:00:00,03-06-2022 14:36:00,,,,,,,0,,,1,1,0,,,,1498.0,1498.0,0,0,0,808,0.0,,
30,W-891903,Items-EP-06020496-CH,10,Items-EP-06020496-CH,249,1,01-06-2022 06:00:00,06-06-2022 14:47:00,,,,,,,0,,,1,0,0,,,,,,0,0,0,970,0.0,,
31,W-152217,Items-TS-06687352-US,100,Items-TS-06687352-US,250,0,01-06-2022 06:00:00,04-06-2022 10:21:00,,,,,,,0,,,1,1,0,,,,,,0,0,0,153,,,
32,W-982000,Items-TS-01948203-UK,100,Items-TS-01948203-UK,175,0,01-06-2022 06:00:00,06-06-2022 12:50:00,,,,,,,0,,,1,0,4518,,,,3903.0,3903.0,0,0,0,767,,,
33,W-743803,Items-BC-09230895-CH,100,Items-BC-09230895-CH,181,0,01-06-2022 06:00:00,04-06-2022 10:39:00,,,,,,,0,,,0,1,4864,,,,,,1,0,1,744,,,
34,W-422604,Items-EP-04550702-BR,10,Items-EP-04550702-BR,192,0,01-06-2022 06:00:00,,,,,,,,0,,,0,1,0,,,,,,1,0,0,465,0.0,,
35,W-881921,Items-SB-07090191-UK,100,Items-SB-07090191-UK,244,0,01-06-2022 06:00:00,02-06-2022 13:28:00,,,,,,,0,,,1,1,0,,,,2512.0,2512.0,0,0,0,214,,,
36,W-682732,Items-TS-00223294-BR,10,Items-TS-00223294-BR,176,1,01-06-2022 06:00:00,03-06-2022 10:27:00,,,,,,,0,,,0,0,0,,,,,,1,0,0,660,0.0,,
37,W-119391,Items-EP-03466409-IN,10,Items-EP-03466409-IN,241,1,01-06-2022 06:00:00,,,,,,,,0,,,1,1,0,,,,451.0,451.0,0,0,0,913,0.0,,
38,W-925170,Items-EE-04270935-CH,10,Items-EE-04270935-CH,223,0,01-06-2022 06:00:00,06-06-2022 10:28:00,,,,,,,0,,,1,1,0,,,,,,1,0,1,90,,,
39,W-767892,Items-BC-09039142-BR,100,Items-BC-09039142-BR,213,0,01-06-2022 06:00:00,05-06-2022 10:42:00,,,,,,,0,,,1,1,3490,,,,1314.0,1314.0,0,0,0,530,0.0,,
40,W-242223,Items-EP-02518400-IN,10,Items-EP-02518400-IN,196,1,01-06-2022 06:00:00,,,,,,,,0,,,0,1,3148,,,,,,1,0,0,246,0.0,,
41,W-749695,Items-EP-00105503-JP,10,Items-EP-00105503-JP,153,0,01-06-2022 06:00:00,,,,,,,,0,,,1,0,0,,,,,,0,0,0,262,,,
42,W-843121,Items-BC-06809611-UK,10,Items-BC-06809611-UK,233,1,01-06-2022 06:00:00,,,,,,,,0,,,0,0,0,,,,,,1,0,0,849,0.0,,
43,W-172692,Items-EP-00081648-CH,10,Items-EP-00081648-CH,187,0,01-06-2022 06:00:00,,,,,,,,0,,,0,0,4915,,,,,,0,0,0,225,,,
44,W-58736,Items-EE-02512664-IN,100,Items-EE-02512664-IN,189,1,01-06-2022 06:00:00,06-06-2022 10:20:00,,,,,,,0,,,1,1,0,,,,1212.0,1212.0,0,0,0,0,,,
45,W-481213,Items-EE-01947410-JP,10,Items-EE-01947410-JP,228,0,01-06-2022 06:00:00,,,,,,,,0,,,1,0,4606,,,,991.0,991.0,0,0,0,648,,,
46,W-34644,Items-EE-02512664-IN,10,Items-EE-02512664-IN,227,1,01-06-2022 06:00:00,02-06-2022 14:22:00,,,,,,,0,,,0,0,3190,,,,,,0,0,0,766,,,
47,W-915027,Items-EP-04536209-JP,10,Items-EP-04536209-JP,195,1,01-06-2022 06:00:00,02-06-2022 14:31:00,,,,,,,0,,,1,1,0,,,,2406.0,2406.0,1,0,1,342,,,
48,W-743552,Items-BC-00366822-IN,10,Items-BC-00366822-IN,200,1,02-06-2022 11:00:00,05-06-2022 16:46:00,,,,,,,0,,,0,0,3740,,,,,,1,0,0,911,,,
49,W-389480,Items-SB-03591404-JP,10,Items-SB-03591404-JP,186,1,02-06-2022 11:00:00,,,,,,,,0,,,0,1,0,,,,991.0,991.0,1,0,0,220,0.0,,
50,W-633743,Items-EP-07767398-CH,100,Items-EP-07767398-CH,170,0,02-06-2022 11:00:00,06-06-2022 17:40:00,,,,,,,0,,,0,1,4399,,,,,,0,0,0,361,0.0,,
51,W-646894,Items-SB-00509063-CH,10,Items-SB-00509063-CH,187,1,02-06-2022 11:00:00,07-06-2022 18:28:00,,,,,,,0,,,0,0,3590,,,,353.0,353.0,0,0,0,349,0.0,,
52,W-710935,Items-SB-04583531-US,10,Items-SB-04583531-US,247,1,02-06-2022 11:00:00,06-06-2022 16:35:00,,,,,,,0,,,1,1,0,,,,4303.0,4303.0,1,0,0,190,,,
53,W-899615,Items-EE-04264866-BR,100,Items-EE-04264866-BR,194,0,02-06-2022 11:00:00,05-06-2022 15:26:00,,,,,,,0,,,0,0,0,,,,655.0,655.0,1,0,1,861,,,
54,W-638302,Items-TS-06196581-JP,10,Items-TS-06196581-JP,199,0,02-06-2022 11:00:00,,,,,,,,0,,,0,1,4543,,,,4104.0,4104.0,0,0,0,626,,,
55,W-118474,Items-BC-09230895-CH,10,Items-BC-09230895-CH,175,1,02-06-2022 11:00:00,,,,,,,,0,,,1,0,0,,,,2550.0,2550.0,0,0,0,147,,,
56,W-133056,Items-TS-04165340-US,10,Items-TS-04165340-US,232,0,02-06-2022 11:00:00,04-06-2022 15:41:00,,,,,,,0,,,0,1,0,,,,,,1,0,0,922,,,
57,W-236865,Items-BC-08035102-BR,100,Items-BC-08035102-BR,201,1,02-06-2022 11:00:00,04-06-2022 18:21:00,,,,,,,0,,,0,0,0,,,,,,0,0,0,819,,,
58,W-249653,Items-BC-08373900-UK,10,Items-BC-08373900-UK,213,0,02-06-2022 11:00:00,06-06-2022 19:29:00,,,,,,,0,,,0,0,0,,,,1774.0,1774.0,1,0,0,235,0.0,,
59,W-26086,Items-TS-06687352-US,10,Items-TS-06687352-US,184,0,02-06-2022 11:00:00,,,,,,,,0,,,0,1,0,,,,,,1,0,0,399,0.0,,
60,W-577194,Items-TS-03538389-US,10,Items-TS-03538389-US,196,1,02-06-2022 11:00:00,,,,,,,,0,,,0,1,3279,,,,1919.0,1919.0,1,0,0,433,,,
61,W-243644,Items-TS-03528268-BR,100,Items-TS-03528268-BR,219,1,02-06-2022 11:00:00,,,,,,,,0,,,1,0,3927,,,,,,1,0,0,655,0.0,,
62,W-393161,Items-EP-03466409-IN,10,Items-EP-03466409-IN,177,1,02-06-2022 11:00:00,,,,,,,,0,,,1,1,3013,,,,,,0,0,1,848,,,
63,W-110916,Items-EE-07197264-UK,10,Items-EE-07197264-UK,166,1,02-06-2022 11:00:00,03-06-2022 17:41:00,,,,,,,0,,,0,1,3690,,,,,,1,0,0,286,0.0,,
64,W-225367,Items-SB-00509063-CH,10,Items-SB-00509063-CH,215,0,02-06-2022 11:00:00,04-06-2022 17:34:00,,,,,,,0,,,0,0,3686,,,,2858.0,2858.0,1,0,0,781,,,
65,W-205583,Items-EE-01947410-JP,10,Items-EE-01947410-JP,209,0,02-06-2022 11:00:00,03-06-2022 19:29:00,,,,,,,0,,,0,1,0,,,,680.0,680.0,0,0,1,762,0.0,,
66,W-335861,Items-SB-07595214-JP,10,Items-SB-07595214-JP,186,1,02-06-2022 11:00:00,,,,,,,,0,,,1,0,4020,,,,,,1,0,0,68,,,
67,W-973813,Items-BC-06809611-UK,10,Items-BC-06809611-UK,249,0,02-06-2022 11:00:00,,,,,,,,0,,,0,1,3439,,,,1295.0,1295.0,1,0,0,5,,,
68,W-347806,Items-EE-00711445-JP,10,Items-EE-00711445-JP,200,1,02-06-2022 11:00:00,05-06-2022 15:44:00,,,,,,,0,,,0,1,3175,,,,,,1,0,0,371,,,
69,W-109858,Items-SB-09133837-BR,10,Items-SB-09133837-BR,216,0,02-06-2022 11:00:00,06-06-2022 17:26:00,,,,,,,0,,,0,0,0,,,,,,0,0,0,74,,,
70,W-969893,Items-EE-07197264-UK,100,Items-EE-07197264-UK,196,1,02-06-2022 11:00:00,,,,,,,,0,,,0,0,0,,,,425.0,425.0,0,0,0,799,,,
71,W-970357,Items-SB-09133837-BR,10,Items-SB-09133837-BR,170,1,02-06-2022 11:00:00,,,,,,,,0,,,0,0,0,,,,2015.0,2015.0,0,0,0,632,,,
72,W-643874,Items-TS-00223294-BR,10,Items-TS-00223294-BR,246,0,02-06-2022 03:00:00,,,,,,,,0,,,0,0,0,,,,2574.0,2574.0,0,0,0,145,0.0,,
73,W-618652,Items-BC-03055426-CH,10,Items-BC-03055426-CH,174,1,02-06-2022 03:00:00,04-06-2022 09:49:00,,,,,,,0,,,0,0,0,,,,4361.0,4361.0,0,0,1,262,,,
74,W-143143,Items-TS-06064368-US,100,Items-TS-06064368-US,161,1,02-06-2022 03:00:00,03-06-2022 09:50:00,,,,,,,0,,,1,0,3986,,,,,,0,0,0,544,0.0,,
75,W-997514,Items-EE-08274581-US,10,Items-EE-08274581-US,198,0,02-06-2022 03:00:00,07-06-2022 09:49:00,,,,,,,0,,,0,0,0,,,,1751.0,1751.0,0,0,0,612,,,
76,W-747998,Items-SB-06392547-CH,100,Items-SB-06392547-CH,249,1,02-06-2022 03:00:00,,,,,,,,0,,,0,0,0,,,,,,0,0,0,139,0.0,,
77,W-573757,Items-EE-01947410-JP,100,Items-EE-01947410-JP,190,0,02-06-2022 03:00:00,06-06-2022 07:50:00,,,,,,,0,,,0,0,4610,,,,,,0,0,1,62,0.0,,
78,W-514549,Items-TS-05745797-BR,100,Items-TS-05745797-BR,191,1,02-06-2022 03:00:00,,,,,,,,0,,,0,0,0,,,,4557.0,4557.0,1,0,0,340,,,
79,W-835625,Items-SB-09133837-BR,10,Items-SB-09133837-BR,150,1,02-06-2022 03:00:00,,,,,,,,0,,,1,0,4789,,,,,,1,0,1,606,0.0,,
80,W-341094,Items-SB-02734397-IN,10,Items-SB-02734397-IN,206,1,02-06-2022 03:00:00,,,,,,,,0,,,1,0,0,,,,2391.0,2391.0,0,0,0,288,0.0,,
81,W-370833,Items-TS-06879613-JP,100,Items-TS-06879613-JP,152,1,02-06-2022 03:00:00,,,,,,,,0,,,1,1,0,,,,,,1,0,0,987,0.0,,
82,W-675620,Items-TS-01948203-UK,10,Items-TS-01948203-UK,238,1,02-06-2022 03:00:00,,,,,,,,0,,,0,0,4892,,,,693.0,693.0,0,0,0,936,,,
83,W-874601,Items-EP-04737482-IN,10,Items-EP-04737482-IN,191,1,02-06-2022 03:00:00,03-06-2022 10:32:00,,,,,,,0,,,0,1,0,,,,,,1,0,0,204,0.0,,
84,W-262684,Items-EE-00711445-JP,10,Items-EE-00711445-JP,154,1,02-06-2022 03:00:00,,,,,,,,0,,,0,1,0,,,,,,0,0,0,286,0.0,,
85,W-283937,Items-BC-08035102-BR,100,Items-BC-08035102-BR,158,0,02-06-2022 03:00:00,07-06-2022 08:41:00,,,,,,,0,,,1,0,3640,,,,,,0,0,0,457,0.0,,
86,W-408772,Items-BC-07313892-JP,100,Items-BC-07313892-JP,174,1,02-06-2022 03:00:00,04-06-2022 09:29:00,,,,,,,0,,,0,0,0,,,,,,1,0,1,918,,,
87,W-535957,Items-TS-06196581-JP,100,Items-TS-06196581-JP,237,0,02-06-2022 03:00:00,04-06-2022 08:22:00,,,,,,,0,,,0,1,3277,,,,,,0,0,0,936,0.0,,
88,W-143075,Items-BC-00797195-JP,10,Items-BC-00797195-JP,166,1,02-06-2022 03:00:00,05-06-2022 09:22:00,,,,,,,0,,,0,0,3292,,,,2619.0,2619.0,1,0,0,423,0.0,,
89,W-673166,Items-EP-07767398-CH,10,Items-EP-07767398-CH,221,1,02-06-2022 03:00:00,,,,,,,,0,,,1,1,3423,,,,4834.0,4834.0,1,0,0,932,0.0,,
90,W-472205,Items-SB-03591404-JP,100,Items-SB-03591404-JP,162,0,02-06-2022 03:00:00,,,,,,,,0,,,1,1,0,,,,3526.0,3526.0,0,0,0,922,,,
91,W-857577,Items-TS-04699105-UK,10,Items-TS-04699105-UK,249,0,02-06-2022 03:00:00,03-06-2022 10:50:00,,,,,,,0,,,0,1,0,,,,5318.0,5318.0,0,0,1,271,,,
92,W-150897,Items-EP-00081648-CH,10,Items-EP-00081648-CH,221,0,02-06-2022 03:00:00,,,,,,,,0,,,1,1,3773,,,,,,0,0,0,614,0.0,,
93,W-381827,Items-TS-02922392-CH,10,Items-TS-02922392-CH,175,0,02-06-2022 03:00:00,,,,,,,,0,,,0,0,4505,,,,2330.0,2330.0,0,0,0,185,0.0,,
94,W-131377,Items-EE-00741901-CH,10,Items-EE-00741901-CH,223,0,02-06-2022 03:00:00,,,,,,,,0,,,0,1,0,,,,,,1,0,0,832,0.0,,
95,W-643869,Items-SB-02355705-UK,10,Items-SB-02355705-UK,205,1,02-06-2022 03:00:00,,,,,,,,0,,,1,0,0,,,,,,1,0,0,26,0.0,,
96,W-623169,Items-BC-04459113-US,10,Items-BC-04459113-US,175,1,03-06-2022 06:00:00,,,,,,,,0,,,0,1,0,,,,,,0,0,0,416,0.0,,
97,W-21243,Items-EE-08274581-US,100,Items-EE-08274581-US,247,0,03-06-2022 06:00:00,06-06-2022 10:44:00,,,,,,,0,,,1,0,0,,,,679.0,679.0,0,0,0,575,0.0,,
98,W-281268,Items-BC-06949570-JP,10,Items-BC-06949570-JP,182,1,03-06-2022 06:00:00,05-06-2022 11:43:00,,,,,,,0,,,0,0,0,,,,1420.0,1420.0,1,0,1,272,,,
99,W-306570,Items-EP-00081648-CH,10,Items-EP-00081648-CH,231,0,03-06-2022 06:00:00,06-06-2022 12:25:00,,,,,,,0,,,1,1,0,,,,,,0,0,0,374,0.0,,
100,W-183013,Items-SB-02734397-IN,10,Items-SB-02734397-IN,204,1,03-06-2022 06:00:00,05-06-2022 11:21:00,,,,,,,0,,,1,1,4424,,,,4329.0,4329.0,1,0,0,930,,,
101,W-680260,Items-SB-02546091-IN,10,Items-SB-02546091-IN,152,0,03-06-2022 06:00:00,04-06-2022 12:49:00,,,,,,,0,,,0,1,0,,,,5085.0,5085.0,1,0,0,433,0.0,,
102,W-779356,Items-BC-06673555-BR,10,Items-BC-06673555-BR,203,0,03-06-2022 06:00:00,,,,,,,,0,,,0,1,0,,,,678.0,678.0,0,0,1,463,0.0,,
103,W-710998,Items-TS-03528268-BR,10,Items-TS-03528268-BR,176,0,03-06-2022 06:00:00,,,,,,,,0,,,1,0,0,,,,4487.0,4487.0,0,0,0,608,0.0,,
104,W-391522,Items-SB-06861728-JP,10,Items-SB-06861728-JP,190,0,03-06-2022 06:00:00,06-06-2022 14:21:00,,,,,,,0,,,1,1,4194,,,,,,1,0,0,703,0.0,,
105,W-946448,Items-TS-02922392-CH,10,Items-TS-02922392-CH,170,0,03-06-2022 06:00:00,07-06-2022 10:33:00,,,,,,,0,,,1,0,0,,,,,,1,0,1,187,,,
106,W-160951,Items-TS-00245950-CH,10,Items-TS-00245950-CH,201,1,03-06-2022 06:00:00,,,,,,,,0,,,1,0,4225,,,,,,0,0,0,674,,,
107,W-355498,Items-BC-08035102-BR,100,Items-BC-08035102-BR,161,1,03-06-2022 06:00:00,,,,,,,,0,,,0,1,0,,,,1797.0,1797.0,1,0,0,50,,,
108,W-590785,Items-TS-05745797-BR,100,Items-TS-05745797-BR,246,0,03-06-2022 06:00:00,07-06-2022 14:21:00,,,,,,,0,,,0,0,0,,,,1995.0,1995.0,1,0,0,975,,,
109,W-801016,Items-TS-00245950-CH,10,Items-TS-00245950-CH,224,0,03-06-2022 06:00:00,08-06-2022 14:30:00,,,,,,,0,,,1,1,0,,,,,,0,0,0,230,,,
110,W-963087,Items-BC-06809611-UK,10,Items-BC-06809611-UK,172,1,03-06-2022 06:00:00,06-06-2022 10:23:00,,,,,,,0,,,0,1,0,,,,,,0,0,0,346,,,
111,W-636947,Items-EP-07185699-JP,100,Items-EP-07185699-JP,190,0,03-06-2022 06:00:00,07-06-2022 12:44:00,,,,,,,0,,,1,0,0,,,,1333.0,1333.0,0,0,0,631,,,
112,W-801982,Items-BC-00797195-JP,10,Items-BC-00797195-JP,213,0,03-06-2022 06:00:00,,,,,,,,0,,,0,1,0,,,,,,0,0,1,523,0.0,,
113,W-371394,Items-TS-03528268-BR,100,Items-TS-03528268-BR,152,1,03-06-2022 06:00:00,06-06-2022 14:27:00,,,,,,,0,,,1,0,0,,,,3034.0,3034.0,1,0,0,824,,,
114,W-847710,Items-TS-01921426-IN,10,Items-TS-01921426-IN,245,0,03-06-2022 06:00:00,,,,,,,,0,,,1,0,0,,,,3482.0,3482.0,0,0,0,951,,,
115,W-977954,Items-TS-00689461-BR,100,Items-TS-00689461-BR,230,1,03-06-2022 06:00:00,05-06-2022 11:30:00,,,,,,,0,,,0,0,0,,,,5401.0,5401.0,0,0,0,902,0.0,,
116,W-606823,Items-EE-04270935-CH,100,Items-EE-04270935-CH,225,1,03-06-2022 06:00:00,,,,,,,,0,,,0,0,0,,,,,,0,0,1,947,,,
117,W-791784,Items-EP-08948583-UK,10,Items-EP-08948583-UK,207,0,03-06-2022 06:00:00,,,,,,,,0,,,1,1,0,,,,2662.0,2662.0,0,0,0,261,0.0,,
118,W-485233,Items-TS-02922392-CH,10,Items-TS-02922392-CH,192,1,03-06-2022 06:00:00,,,,,,,,0,,,1,0,4740,,,,3388.0,3388.0,1,0,0,47,0.0,,
119,W-951608,Items-BC-02414724-JP,100,Items-BC-02414724-JP,175,0,03-06-2022 06:00:00,,,,,,,,0,,,0,0,0,,,,,,0,0,0,389,,,
120,W-827075,Items-TS-01948203-UK,100,Items-TS-01948203-UK,212,0,03-06-2022 05:00:00,,,,,,,,0,,,0,0,4480,,,,,,0,0,0,850,0.0,,
121,W-738949,Items-BC-03358366-US,10,Items-BC-03358366-US,179,1,03-06-2022 05:00:00,,,,,,,,0,,,1,1,3247,,,,,,0,0,0,948,0.0,,
122,W-479233,Items-SB-04583531-US,10,Items-SB-04583531-US,156,0,03-06-2022 05:00:00,,,,,,,,0,,,1,0,3891,,,,,,0,0,0,650,,,
123,W-783391,Items-BC-00078136-US,10,Items-BC-00078136-US,207,0,03-06-2022 05:00:00,08-06-2022 10:26:00,,,,,,,0,,,1,1,0,,,,2186.0,2186.0,1,0,0,236,0.0,,
124,W-520209,Items-TS-03538389-US,100,Items-TS-03538389-US,243,0,03-06-2022 05:00:00,,,,,,,,0,,,1,0,3250,,,,1864.0,1864.0,1,0,0,923,0.0,,
125,W-1322,Items-TS-00689461-BR,100,Items-TS-00689461-BR,194,0,03-06-2022 05:00:00,05-06-2022 11:27:00,,,,,,,0,,,0,0,4728,,,,5008.0,5008.0,1,0,0,248,,,
126,W-323023,Items-TS-00223294-BR,10,Items-TS-00223294-BR,203,0,03-06-2022 05:00:00,,,,,,,,0,,,0,1,4729,,,,,,0,0,0,907,,,
127,W-643440,Items-SB-06861728-JP,10,Items-SB-06861728-JP,250,0,03-06-2022 05:00:00,06-06-2022 09:26:00,,,,,,,0,,,1,1,3586,,,,,,0,0,1,159,0.0,,
128,W-169531,Items-TS-05745797-BR,10,Items-TS-05745797-BR,214,1,03-06-2022 05:00:00,04-06-2022 09:29:00,,,,,,,0,,,0,0,3781,,,,,,1,0,0,232,0.0,,
129,W-724169,Items-BC-09230895-CH,10,Items-BC-09230895-CH,173,1,03-06-2022 05:00:00,05-06-2022 09:38:00,,,,,,,0,,,0,0,3570,,,,2223.0,2223.0,0,0,0,134,,,
130,W-961451,Items-TS-00245950-CH,10,Items-TS-00245950-CH,200,0,03-06-2022 05:00:00,07-06-2022 13:24:00,,,,,,,0,,,0,1,4448,,,,,,1,0,0,251,,,
131,W-501045,Items-TS-03528268-BR,10,Items-TS-03528268-BR,223,1,03-06-2022 05:00:00,08-06-2022 13:50:00,,,,,,,0,,,0,1,3498,,,,2813.0,2813.0,1,0,0,440,,,
132,W-683077,Items-BC-02610967-US,10,Items-BC-02610967-US,219,1,03-06-2022 05:00:00,,,,,,,,0,,,0,0,3907,,,,,,1,0,0,626,,,
133,W-879440,Items-SB-03591404-JP,100,Items-SB-03591404-JP,189,1,03-06-2022 05:00:00,,,,,,,,0,,,1,1,0,,,,,,0,0,0,299,,,
134,W-208273,Items-BC-08035102-BR,10,Items-BC-08035102-BR,159,1,03-06-2022 05:00:00,,,,,,,,0,,,1,1,0,,,,,,0,0,0,727,,,
135,W-887526,Items-EE-00711445-JP,10,Items-EE-00711445-JP,159,1,03-06-2022 05:00:00,,,,,,,,0,,,1,0,0,,,,,,1,0,0,918,,,
136,W-161579,Items-EE-01947410-JP,10,Items-EE-01947410-JP,205,0,03-06-2022 05:00:00,,,,,,,,0,,,1,1,0,,,,,,0,0,1,68,,,
137,W-847580,Items-SB-03591404-JP,100,Items-SB-03591404-JP,238,1,03-06-2022 05:00:00,,,,,,,,0,,,0,1,4520,,,,,,1,0,1,529,,,
138,W-119397,Items-BC-00366822-IN,100,Items-BC-00366822-IN,188,0,03-06-2022 05:00:00,06-06-2022 10:49:00,,,,,,,0,,,1,0,3709,,,,,,1,0,1,735,0.0,,
139,W-321944,Items-BC-09230895-CH,100,Items-BC-09230895-CH,178,1,03-06-2022 05:00:00,,,,,,,,0,,,0,1,0,,,,194.0,194.0,0,0,0,789,,,
140,W-144513,Items-EP-04536209-JP,10,Items-EP-04536209-JP,233,0,03-06-2022 05:00:00,07-06-2022 10:45:00,,,,,,,0,,,1,1,0,,,,3046.0,3046.0,1,0,0,863,,,
141,W-144517,Items-TS-01921426-IN,10,Items-TS-01921426-IN,239,0,03-06-2022 05:00:00,07-06-2022 12:47:00,,,,,,,0,,,0,1,3193,,,,580.0,580.0,1,0,0,908,,,
142,W-652227,Items-TS-02922392-CH,10,Items-TS-02922392-CH,177,0,03-06-2022 05:00:00,,,,,,,,0,,,0,1,0,,,,,,1,0,1,782,,,
143,W-428935,Items-BC-08373900-UK,10,Items-BC-08373900-UK,248,0,03-06-2022 05:00:00,,,,,,,,0,,,0,0,0,,,,,,1,0,0,563,0.0,,
144,W-706767,Items-BC-07313892-JP,100,Items-BC-07313892-JP,226,0,04-06-2022 17:00:00,,,,,,,,0,,,0,1,4816,,,,,,0,0,0,692,0.0,,
145,W-643967,Items-SB-09133837-BR,100,Items-SB-09133837-BR,236,0,04-06-2022 17:00:00,,,,,,,,0,,,0,0,0,,,,1058.0,1058.0,1,0,0,679,,,
146,W-689178,Items-EE-00711445-JP,100,Items-EE-00711445-JP,215,1,04-06-2022 17:00:00,,,,,,,,0,,,1,0,0,,,,2340.0,2340.0,1,0,0,260,,,
147,W-110602,Items-EE-00711445-JP,10,Items-EE-00711445-JP,166,1,04-06-2022 17:00:00,08-06-2022 23:50:00,,,,,,,0,,,0,1,0,,,,,,0,0,0,529,0.0,,
148,W-488369,Items-BC-07313892-JP,10,Items-BC-07313892-JP,163,1,04-06-2022 17:00:00,,,,,,,,0,,,0,1,3207,,,,,,0,0,0,885,0.0,,
149,W-281361,Items-TS-03700767-UK,10,Items-TS-03700767-UK,173,0,04-06-2022 17:00:00,,,,,,,,0,,,0,1,0,,,,,,1,0,1,803,0.0,,
150,W-980093,Items-BC-00078136-US,100,Items-BC-00078136-US,157,1,04-06-2022 17:00:00,,,,,,,,0,,,1,1,0,,,,2058.0,2058.0,1,0,0,563,0.0,,
151,W-818243,Items-EE-02512664-IN,10,Items-EE-02512664-IN,239,1,04-06-2022 17:00:00,,,,,,,,0,,,1,0,4091,,,,,,1,0,0,42,0.0,,
152,W-948614,Items-TS-00245950-CH,100,Items-TS-00245950-CH,182,1,04-06-2022 17:00:00,,,,,,,,0,,,0,0,4896,,,,,,1,0,1,405,0.0,,
153,W-57792,Items-TS-06687352-US,10,Items-TS-06687352-US,231,0,04-06-2022 17:00:00,,,,,,,,0,,,1,0,0,,,,271.0,271.0,0,0,0,788,,,
154,W-971677,Items-SB-02355705-UK,100,Items-SB-02355705-UK,233,0,04-06-2022 17:00:00,08-06-2022 21:20:00,,,,,,,0,,,1,0,3884,,,,828.0,828.0,0,0,0,146,,,
155,W-331969,Items-EP-03940730-IN,10,Items-EP-03940730-IN,154,0,04-06-2022 17:00:00,09-06-2022 23:34:00,,,,,,,0,,,0,1,0,,,,2805.0,2805.0,0,0,0,985,0.0,,
156,W-339418,Items-EP-03052349-BR,10,Items-EP-03052349-BR,224,0,04-06-2022 17:00:00,,,,,,,,0,,,0,0,0,,,,,,0,0,0,523,,,
157,W-318940,Items-BC-01252357-US,10,Items-BC-01252357-US,230,1,04-06-2022 17:00:00,07-06-2022 01:27:00,,,,,,,0,,,1,0,0,,,,3878.0,3878.0,0,0,0,205,,,
158,W-1873,Items-EE-07197264-UK,100,Items-EE-07197264-UK,229,1,04-06-2022 17:00:00,,,,,,,,0,,,1,0,0,,,,211.0,211.0,0,0,0,30,,,
159,W-804517,Items-EP-06020496-CH,10,Items-EP-06020496-CH,232,1,04-06-2022 17:00:00,08-06-2022 00:50:00,,,,,,,0,,,0,1,0,,,,238.0,238.0,0,0,0,874,0.0,,
160,W-934800,Items-SB-07595214-JP,10,Items-SB-07595214-JP,234,1,04-06-2022 17:00:00,,,,,,,,0,,,0,0,0,,,,,,1,0,0,0,0.0,,
161,W-295698,Items-EE-08274581-US,10,Items-EE-08274581-US,236,1,04-06-2022 17:00:00,09-06-2022 22:32:00,,,,,,,0,,,1,1,3214,,,,374.0,374.0,0,0,0,662,,,
162,W-58978,Items-BC-01462424-JP,100,Items-BC-01462424-JP,160,1,04-06-2022 17:00:00,08-06-2022 01:32:00,,,,,,,0,,,0,1,4130,,,,1915.0,1915.0,1,0,0,534,,,
163,W-363920,Items-EE-00741901-CH,10,Items-EE-00741901-CH,237,0,04-06-2022 17:00:00,07-06-2022 22:41:00,,,,,,,0,,,0,0,0,,,,,,1,0,0,718,0.0,,
164,W-192164,Items-TS-04699105-UK,10,Items-TS-04699105-UK,241,1,04-06-2022 17:00:00,06-06-2022 00:46:00,,,,,,,0,,,0,1,0,,,,,,1,0,1,372,,,
165,W-61211,Items-TS-04165340-US,100,Items-TS-04165340-US,199,0,04-06-2022 17:00:00,,,,,,,,0,,,1,0,0,,,,1196.0,1196.0,1,0,1,322,,,
166,W-239767,Items-TS-00689461-BR,10,Items-TS-00689461-BR,167,1,04-06-2022 17:00:00,09-06-2022 21:37:00,,,,,,,0,,,0,0,0,,,,2139.0,2139.0,0,0,0,764,,,
167,W-405866,Items-EP-03052349-BR,100,Items-EP-03052349-BR,233,1,04-06-2022 17:00:00,06-06-2022 01:43:00,,,,,,,0,,,0,0,0,,,,,,0,0,0,558,,,
168,W-270294,Items-TS-03796255-IN,10,Items-TS-03796255-IN,200,0,04-06-2022 09:00:00,07-06-2022 15:45:00,,,,,,,0,,,1,0,0,,,,,,0,0,0,569,0.0,,
169,W-224373,Items-TS-00223294-BR,10,Items-TS-00223294-BR,206,0,04-06-2022 09:00:00,07-06-2022 13:21:00,,,,,,,0,,,0,1,0,,,,,,0,0,1,471,0.0,,
170,W-185939,Items-EP-03466409-IN,10,Items-EP-03466409-IN,170,0,04-06-2022 09:00:00,,,,,,,,0,,,1,0,0,,,,,,1,0,0,804,,,
171,W-806916,Items-TS-01948203-UK,100,Items-TS-01948203-UK,237,1,04-06-2022 09:00:00,,,,,,,,0,,,0,1,3111,,,,3858.0,3858.0,0,0,0,848,,,
172,W-603852,Items-EE-00711445-JP,100,Items-EE-00711445-JP,158,0,04-06-2022 09:00:00,05-06-2022 13:22:00,,,,,,,0,,,1,0,0,,,,4013.0,4013.0,0,0,0,870,0.0,,
173,W-367651,Items-EE-08274581-US,10,Items-EE-08274581-US,240,0,04-06-2022 09:00:00,09-06-2022 15:28:00,,,,,,,0,,,0,0,0,,,,,,0,0,0,664,,,
174,W-952039,Items-BC-03358366-US,10,Items-BC-03358366-US,247,1,04-06-2022 09:00:00,06-06-2022 15:48:00,,,,,,,0,,,1,1,4383,,,,1077.0,1077.0,1,0,0,710,0.0,,
175,W-228581,Items-EP-04737482-IN,10,Items-EP-04737482-IN,153,0,04-06-2022 09:00:00,06-06-2022 16:35:00,,,,,,,0,,,0,1,3022,,,,3982.0,3982.0,1,0,0,821,0.0,,
176,W-914038,Items-SB-06491467-IN,100,Items-SB-06491467-IN,223,1,04-06-2022 09:00:00,08-06-2022 13:45:00,,,,,,,0,,,1,1,0,,,,4914.0,4914.0,0,0,0,728,0.0,,
177,W-823895,Items-BC-03055426-CH,10,Items-BC-03055426-CH,206,0,04-06-2022 09:00:00,,,,,,,,0,,,1,1,0,,,,,,0,0,0,797,,,
178,W-742670,Items-BC-06673555-BR,100,Items-BC-06673555-BR,194,0,04-06-2022 09:00:00,,,,,,,,0,,,0,1,4384,,,,3499.0,3499.0,1,0,0,480,,,
179,W-411698,Items-SB-07090191-UK,10,Items-SB-07090191-UK,183,0,04-06-2022 09:00:00,,,,,,,,0,,,0,0,0,,,,3715.0,3715.0,1,0,1,207,,,
180,W-380766,Items-EP-02043706-UK,10,Items-EP-02043706-UK,152,0,04-06-2022 09:00:00,07-06-2022 17:24:00,,,,,,,0,,,0,1,3076,,,,,,1,0,1,435,,,
181,W-267211,Items-TS-00245950-CH,10,Items-TS-00245950-CH,164,1,04-06-2022 09:00:00,06-06-2022 15:49:00,,,,,,,0,,,1,1,0,,,,4430.0,4430.0,1,0,0,692,,,
182,W-460940,Items-BC-02610967-US,10,Items-BC-02610967-US,249,1,04-06-2022 09:00:00,06-06-2022 14:39:00,,,,,,,0,,,1,1,0,,,,,,1,0,0,97,0.0,,
183,W-707073,Items-BC-02414724-JP,100,Items-BC-02414724-JP,175,0,04-06-2022 09:00:00,09-06-2022 13:45:00,,,,,,,0,,,0,0,3850,,,,,,0,0,0,507,,,
184,W-367363,Items-EE-07197264-UK,10,Items-EE-07197264-UK,232,0,04-06-2022 09:00:00,,,,,,,,0,,,0,1,0,,,,,,1,0,0,878,,,
185,W-482230,Items-SB-09133837-BR,10,Items-SB-09133837-BR,186,1,04-06-2022 09:00:00,,,,,,,,0,,,0,1,3345,,,,,,1,0,0,344,,,
186,W-158494,Items-EE-04270935-CH,100,Items-EE-04270935-CH,214,1,04-06-2022 09:00:00,,,,,,,,0,,,0,0,3069,,,,,,1,0,0,729,,,
187,W-75917,Items-SB-00509063-CH,10,Items-SB-00509063-CH,243,1,04-06-2022 09:00:00,08-06-2022 14:42:00,,,,,,,0,,,0,1,4518,,,,2148.0,2148.0,0,0,0,910,0.0,,
188,W-835936,Items-EP-00105503-JP,100,Items-EP-00105503-JP,182,1,04-06-2022 09:00:00,08-06-2022 16:37:00,,,,,,,0,,,1,1,0,,,,3810.0,3810.0,1,0,0,574,,,
189,W-536124,Items-BC-02647288-JP,10,Items-BC-02647288-JP,210,1,04-06-2022 09:00:00,,,,,,,,0,,,0,0,0,,,,,,1,0,0,591,,,
190,W-647796,Items-SB-06861728-JP,10,Items-SB-06861728-JP,249,1,04-06-2022 09:00:00,06-06-2022 14:34:00,,,,,,,0,,,1,1,0,,,,2872.0,2872.0,1,0,1,713,0.0,,
191,W-29962,Items-BC-02647288-JP,10,Items-BC-02647288-JP,151,0,04-06-2022 09:00:00,05-06-2022 15:32:00,,,,,,,0,,,0,0,3252,,,,685.0,685.0,1,0,0,129,0.0,,
192,W-201934,Items-EE-01061855-BR,10,Items-EE-01061855-BR,184,0,05-06-2022 18:00:00,,,,,,,,0,,,1,1,0,,,,1802.0,1802.0,0,0,0,57,0.0,,
193,W-218792,Items-SB-07090191-UK,10,Items-SB-07090191-UK,245,1,05-06-2022 18:00:00,07-06-2022 22:20:00,,,,,,,0,,,1,0,4289,,,,4479.0,4479.0,0,0,0,957,0.0,,
194,W-278812,Items-TS-08527791-UK,10,Items-TS-08527791-UK,171,1,05-06-2022 18:00:00,10-06-2022 02:35:00,,,,,,,0,,,0,0,0,,,,4358.0,4358.0,0,0,1,925,0.0,,
195,W-182005,Items-TS-00616746-UK,10,Items-TS-00616746-UK,189,0,05-06-2022 18:00:00,,,,,,,,0,,,0,1,3695,,,,1505.0,1505.0,1,0,1,587,,,
196,W-74395,Items-TS-04165340-US,10,Items-TS-04165340-US,226,0,05-06-2022 18:00:00,,,,,,,,0,,,0,1,0,,,,,,1,0,0,681,,,
197,W-102715,Items-EP-06020496-CH,10,Items-EP-06020496-CH,213,0,05-06-2022 18:00:00,,,,,,,,0,,,1,0,3681,,,,,,1,0,0,961,,,
198,W-336990,Items-TS-00245950-CH,10,Items-TS-00245950-CH,155,1,05-06-2022 18:00:00,,,,,,,,0,,,1,1,3057,,,,,,0,0,0,553,,,
199,W-618923,Items-EP-03940730-IN,10,Items-EP-03940730-IN,218,0,05-06-2022 18:00:00,06-06-2022 23:20:00,,,,,,,0,,,1,1,0,,,,1005.0,1005.0,1,0,0,508,,,
200,W-739822,Items-TS-07978610-IN,10,Items-TS-07978610-IN,186,1,05-06-2022 18:00:00,07-06-2022 22:27:00,,,,,,,0,,,1,1,4302,,,,5442.0,5442.0,1,0,0,231,,,
201,W-536359,Items-SB-03591404-JP,10,Items-SB-03591404-JP,186,1,05-06-2022 18:00:00,08-06-2022 22:40:00,,,,,,,0,,,1,0,0,,,,4039.0,4039.0,0,0,0,82,,,
202,W-698683,Items-EE-04886293-BR,10,Items-EE-04886293-BR,229,0,05-06-2022 18:00:00,,,,,,,,0,,,0,1,4013,,,,2579.0,2579.0,1,0,0,891,0.0,,
203,W-504200,Items-EP-07185699-JP,100,Items-EP-07185699-JP,208,1,05-06-2022 18:00:00,06-06-2022 23:22:00,,,,,,,0,,,0,0,0,,,,2991.0,2991.0,0,0,0,483,,,
204,W-535944,Items-EP-08791802-BR,100,Items-EP-08791802-BR,234,1,05-06-2022 18:00:00,,,,,,,,0,,,1,0,3397,,,,244.0,244.0,0,0,1,329,,,
205,W-28827,Items-SB-01922836-JP,100,Items-SB-01922836-JP,166,1,05-06-2022 18:00:00,10-06-2022 01:39:00,,,,,,,0,,,0,1,4490,,,,2291.0,2291.0,0,0,1,833,,,
206,W-546329,Items-TS-06879613-JP,10,Items-TS-06879613-JP,226,1,05-06-2022 18:00:00,,,,,,,,0,,,1,0,0,,,,2014.0,2014.0,0,0,0,605,0.0,,
207,W-185358,Items-BC-03358366-US,10,Items-BC-03358366-US,223,0,05-06-2022 18:00:00,,,,,,,,0,,,1,1,3122,,,,5408.0,5408.0,0,0,0,555,0.0,,
208,W-894809,Items-TS-00245950-CH,10,Items-TS-00245950-CH,198,1,05-06-2022 18:00:00,,,,,,,,0,,,1,1,0,,,,2121.0,2121.0,1,0,0,433,0.0,,
209,W-352865,Items-EE-03921377-JP,100,Items-EE-03921377-JP,245,1,05-06-2022 18:00:00,07-06-2022 01:48:00,,,,,,,0,,,1,1,0,,,,3239.0,3239.0,1,0,0,2,0.0,,
210,W-902818,Items-TS-08527791-UK,10,Items-TS-08527791-UK,187,1,05-06-2022 18:00:00,10-06-2022 01:48:00,,,,,,,0,,,0,1,0,,,,3691.0,3691.0,1,0,0,523,0.0,,
211,W-81631,Items-EE-06739822-CH,10,Items-EE-06739822-CH,178,0,05-06-2022 18:00:00,08-06-2022 02:29:00,,,,,,,0,,,1,0,0,,,,3558.0,3558.0,1,0,0,429,,,
212,W-626404,Items-EP-06020496-CH,100,Items-EP-06020496-CH,224,0,05-06-2022 18:00:00,10-06-2022 01:26:00,,,,,,,0,,,1,0,0,,,,330.0,330.0,1,0,0,117,0.0,,
213,W-767997,Items-EE-03921377-JP,100,Items-EE-03921377-JP,240,1,05-06-2022 18:00:00,,,,,,,,0,,,0,0,4041,,,,3294.0,3294.0,1,0,0,421,0.0,,
214,W-557775,Items-TS-00689461-BR,100,Items-TS-00689461-BR,198,1,05-06-2022 18:00:00,,,,,,,,0,,,0,0,0,,,,,,1,0,0,852,,,
215,W-288580,Items-TS-08597855-US,10,Items-TS-08597855-US,178,1,05-06-2022 18:00:00,,,,,,,,0,,,0,1,0,,,,,,0,0,0,3,,,
216,W-617551,Items-EP-08948583-UK,10,Items-EP-08948583-UK,173,1,05-06-2022 10:00:00,07-06-2022 16:21:00,,,,,,,0,,,1,1,0,,,,,,1,0,0,198,0.0,,
217,W-458157,Items-SB-07543853-UK,10,Items-SB-07543853-UK,163,1,05-06-2022 10:00:00,07-06-2022 15:44:00,,,,,,,0,,,1,0,0,,,,,,0,0,0,697,,,
218,W-470450,Items-SB-02734397-IN,10,Items-SB-02734397-IN,175,0,05-06-2022 10:00:00,,,,,,,,0,,,0,1,0,,,,2113.0,2113.0,1,0,0,247,,,
219,W-38100,Items-EE-02425548-JP,100,Items-EE-02425548-JP,170,0,05-06-2022 10:00:00,,,,,,,,0,,,0,0,3714,,,,,,0,0,1,992,,,
220,W-8983,Items-BC-03358366-US,10,Items-BC-03358366-US,190,1,05-06-2022 10:00:00,07-06-2022 18:34:00,,,,,,,0,,,0,1,4305,,,,,,1,0,0,5,,,
221,W-908155,Items-BC-06809611-UK,10,Items-BC-06809611-UK,221,0,05-06-2022 10:00:00,,,,,,,,0,,,1,1,0,,,,5016.0,5016.0,0,0,0,86,,,
222,W-177007,Items-SB-06392547-CH,100,Items-SB-06392547-CH,188,0,05-06-2022 10:00:00,06-06-2022 18:45:00,,,,,,,0,,,0,0,0,,,,,,0,0,0,310,0.0,,
223,W-338868,Items-TS-00616746-UK,10,Items-TS-00616746-UK,196,0,05-06-2022 10:00:00,,,,,,,,0,,,1,0,3018,,,,2080.0,2080.0,1,0,1,258,0.0,,
224,W-832970,Items-BC-08373900-UK,10,Items-BC-08373900-UK,162,1,05-06-2022 10:00:00,,,,,,,,0,,,0,0,4208,,,,,,1,0,0,763,,,
225,W-903985,Items-BC-08829600-JP,10,Items-BC-08829600-JP,227,0,05-06-2022 10:00:00,08-06-2022 14:37:00,,,,,,,0,,,0,1,0,,,,2164.0,2164.0,1,0,1,5,0.0,,
226,W-68999,Items-SB-01703268-CH,100,Items-SB-01703268-CH,189,0,05-06-2022 10:00:00,,,,,,,,0,,,1,1,4404,,,,3501.0,3501.0,0,0,0,322,,,
227,W-994723,Items-SB-07090191-UK,10,Items-SB-07090191-UK,246,0,05-06-2022 10:00:00,07-06-2022 15:20:00,,,,,,,0,,,1,1,4861,,,,538.0,538.0,0,0,0,36,0.0,,
228,W-229170,Items-EP-01310120-IN,100,Items-EP-01310120-IN,241,1,05-06-2022 10:00:00,07-06-2022 15:34:00,,,,,,,0,,,1,1,0,,,,,,1,0,0,232,0.0,,
229,W-909666,Items-EE-02425548-JP,10,Items-EE-02425548-JP,162,0,05-06-2022 10:00:00,,,,,,,,0,,,0,1,0,,,,,,0,0,0,274,,,
230,W-337892,Items-EE-00048982-CH,100,Items-EE-00048982-CH,186,0,05-06-2022 10:00:00,,,,,,,,0,,,0,0,3475,,,,,,1,0,0,116,,,
231,W-459329,Items-EP-00105503-JP,10,Items-EP-00105503-JP,221,0,05-06-2022 10:00:00,07-06-2022 14:40:00,,,,,,,0,,,0,0,4366,,,,293.0,293.0,1,0,0,150,,,
232,W-333607,Items-SB-07543853-UK,10,Items-SB-07543853-UK,185,0,05-06-2022 10:00:00,,,,,,,,0,,,0,0,3895,,,,,,1,0,0,71,,,
233,W-67795,Items-EE-04270935-CH,100,Items-EE-04270935-CH,180,1,05-06-2022 10:00:00,08-06-2022 16:39:00,,,,,,,0,,,1,0,3640,,,,,,1,0,1,623,0.0,,
234,W-585313,Items-EE-00048982-CH,100,Items-EE-00048982-CH,155,0,05-06-2022 10:00:00,06-06-2022 14:43:00,,,,,,,0,,,1,1,3761,,,,4849.0,4849.0,1,0,0,110,,,
235,W-302518,Items-EP-08948583-UK,10,Items-EP-08948583-UK,188,1,05-06-2022 10:00:00,08-06-2022 16:36:00,,,,,,,0,,,0,0,0,,,,,,0,0,0,850,0.0,,
236,W-371483,Items-BC-09230895-CH,10,Items-BC-09230895-CH,231,0,05-06-2022 10:00:00,,,,,,,,0,,,0,1,0,,,,5062.0,5062.0,1,0,0,782,,,
237,W-57481,Items-EP-02565413-IN,10,Items-EP-02565413-IN,242,0,05-06-2022 10:00:00,,,,,,,,0,,,1,1,4411,,,,,,1,0,0,231,,,
238,W-837882,Items-TS-00223294-BR,10,Items-TS-00223294-BR,174,0,05-06-2022 10:00:00,07-06-2022 18:35:00,,,,,,,0,,,1,1,0,,,,,,1,0,0,686,,,
239,W-766232,Items-BC-01252357-US,100,Items-BC-01252357-US,243,1,05-06-2022 10:00:00,,,,,,,,0,,,0,1,0,,,,3113.0,3113.0,1,0,1,150,0.0,,
240,W-937773,Items-EP-06020496-CH,10,Items-EP-06020496-CH,165,1,06-06-2022 21:00:00,,,,,,,,0,,,1,0,0,,,,1119.0,1119.0,0,0,0,1,,,
241,W-665608,Items-BC-07511831-CH,10,Items-BC-07511831-CH,235,1,06-06-2022 21:00:00,,,,,,,,0,,,1,0,3062,,,,,,1,0,0,424,0.0,,
242,W-597509,Items-SB-00509063-CH,10,Items-SB-00509063-CH,250,0,06-06-2022 21:00:00,,,,,,,,0,,,1,1,0,,,,4689.0,4689.0,0,0,0,943,0.0,,
243,W-409588,Items-EP-02565413-IN,10,Items-EP-02565413-IN,171,0,06-06-2022 21:00:00,,,,,,,,0,,,0,0,0,,,,,,1,0,1,849,,,
244,W-585428,Items-TS-06687352-US,100,Items-TS-06687352-US,151,1,06-06-2022 21:00:00,,,,,,,,0,,,0,1,0,,,,4379.0,4379.0,1,0,1,133,0.0,,
245,W-150398,Items-TS-06687352-US,100,Items-TS-06687352-US,159,0,06-06-2022 21:00:00,,,,,,,,0,,,1,0,0,,,,5283.0,5283.0,1,0,0,632,,,
246,W-14948,Items-SB-06861728-JP,100,Items-SB-06861728-JP,222,0,06-06-2022 21:00:00,,,,,,,,0,,,1,0,0,,,,,,1,0,0,757,,,
247,W-879212,Items-TS-01921426-IN,10,Items-TS-01921426-IN,249,0,06-06-2022 21:00:00,,,,,,,,0,,,1,0,0,,,,5373.0,5373.0,1,0,0,705,0.0,,
248,W-993501,Items-EP-02518400-IN,10,Items-EP-02518400-IN,202,1,06-06-2022 21:00:00,,,,,,,,0,,,0,0,0,,,,,,0,0,0,253,,,
249,W-842322,Items-TS-03700767-UK,10,Items-TS-03700767-UK,213,0,06-06-2022 21:00:00,,,,,,,,0,,,0,0,0,,,,1191.0,1191.0,0,0,1,25,0.0,,
250,W-734227,Items-EE-07197264-UK,10,Items-EE-07197264-UK,243,0,06-06-2022 21:00:00,10-06-2022 03:50:00,,,,,,,0,,,0,0,4286,,,,,,1,0,0,543,,,
251,W-35264,Items-BC-00078136-US,10,Items-BC-00078136-US,223,0,06-06-2022 21:00:00,,,,,,,,0,,,1,0,4962,,,,,,0,0,0,742,,,
252,W-69068,Items-BC-07313892-JP,10,Items-BC-07313892-JP,152,1,06-06-2022 21:00:00,11-06-2022 02:39:00,,,,,,,0,,,0,1,0,,,,,,1,0,0,222,,,
253,W-202396,Items-SB-06392547-CH,100,Items-SB-06392547-CH,211,1,06-06-2022 21:00:00,,,,,,,,0,,,1,1,0,,,,2033.0,2033.0,1,0,0,817,,,
254,W-959883,Items-EE-02512664-IN,10,Items-EE-02512664-IN,232,1,06-06-2022 21:00:00,09-06-2022 03:32:00,,,,,,,0,,,1,1,4415,,,,2991.0,2991.0,1,0,0,17,0.0,,
255,W-950049,Items-EP-03621157-BR,10,Items-EP-03621157-BR,245,1,06-06-2022 21:00:00,,,,,,,,0,,,0,1,0,,,,,,1,0,0,266,,,
256,W-12947,Items-SB-07595214-JP,100,Items-SB-07595214-JP,166,0,06-06-2022 21:00:00,,,,,,,,0,,,1,1,0,,,,,,0,0,0,974,,,
257,W-855280,Items-EE-06739822-CH,100,Items-EE-06739822-CH,197,1,06-06-2022 21:00:00,12-06-2022 01:39:00,,,,,,,0,,,0,0,0,,,,3216.0,3216.0,0,0,0,357,,,
258,W-118883,Items-BC-01462424-JP,100,Items-BC-01462424-JP,157,1,06-06-2022 21:00:00,,,,,,,,0,,,0,1,4819,,,,,,1,0,1,617,0.0,,
259,W-301371,Items-TS-06544504-BR,10,Items-TS-06544504-BR,191,0,06-06-2022 21:00:00,09-06-2022 02:42:00,,,,,,,0,,,0,0,0,,,,,,1,0,1,905,,,
260,W-828439,Items-TS-04699105-UK,10,Items-TS-04699105-UK,182,1,06-06-2022 21:00:00,,,,,,,,0,,,1,0,0,,,,2046.0,2046.0,0,0,0,185,,,
261,W-712181,Items-EP-07185699-JP,10,Items-EP-07185699-JP,186,0,06-06-2022 21:00:00,12-06-2022 02:39:00,,,,,,,0,,,0,0,0,,,,1942.0,1942.0,0,0,0,608,0.0,,
262,W-652013,Items-EP-02043706-UK,100,Items-EP-02043706-UK,168,0,06-06-2022 21:00:00,,,,,,,,0,,,1,0,0,,,,1993.0,1993.0,0,0,0,458,,,
263,W-130756,Items-SB-02546091-IN,10,Items-SB-02546091-IN,234,1,06-06-2022 21:00:00,,,,,,,,0,,,1,0,3635,,,,,,1,0,0,258,0.0,,
264,W-480444,Items-SB-01703268-CH,10,Items-SB-01703268-CH,238,0,06-06-2022 01:00:00,,,,,,,,0,,,0,1,3710,,,,,,1,0,0,553,0.0,,
265,W-822110,Items-TS-00616746-UK,10,Items-TS-00616746-UK,171,0,06-06-2022 01:00:00,10-06-2022 06:41:00,,,,,,,0,,,1,0,0,,,,,,0,0,0,219,0.0,,
266,W-430179,Items-BC-07313892-JP,10,Items-BC-07313892-JP,150,1,06-06-2022 01:00:00,,,,,,,,0,,,0,0,3848,,,,5368.0,5368.0,1,0,0,271,0.0,,
267,W-383812,Items-EP-01310120-IN,10,Items-EP-01310120-IN,176,0,06-06-2022 01:00:00,,,,,,,,0,,,1,1,0,,,,4682.0,4682.0,0,0,0,748,0.0,,
268,W-250623,Items-EP-00081648-CH,10,Items-EP-00081648-CH,242,0,06-06-2022 01:00:00,09-06-2022 06:32:00,,,,,,,0,,,1,0,0,,,,1392.0,1392.0,1,0,0,211,,,
269,W-55581,Items-TS-06196662-JP,10,Items-TS-06196662-JP,227,0,06-06-2022 01:00:00,11-06-2022 05:47:00,,,,,,,0,,,0,1,0,,,,,,1,0,0,502,0.0,,
270,W-654626,Items-TS-06577660-UK,100,Items-TS-06577660-UK,165,1,06-06-2022 01:00:00,,,,,,,,0,,,0,1,0,,,,2239.0,2239.0,1,0,1,924,,,
271,W-612316,Items-SB-06392547-CH,100,Items-SB-06392547-CH,177,1,06-06-2022 01:00:00,07-06-2022 07:24:00,,,,,,,0,,,1,0,0,,,,4661.0,4661.0,1,0,0,460,,,
272,W-137240,Items-EP-04550702-BR,10,Items-EP-04550702-BR,177,0,06-06-2022 01:00:00,09-06-2022 05:21:00,,,,,,,0,,,1,1,4565,,,,,,0,0,0,337,0.0,,
273,W-334828,Items-BC-09039142-BR,10,Items-BC-09039142-BR,177,0,06-06-2022 01:00:00,11-06-2022 06:27:00,,,,,,,0,,,1,1,0,,,,,,1,0,1,377,0.0,,
274,W-527371,Items-TS-02922392-CH,10,Items-TS-02922392-CH,232,0,06-06-2022 01:00:00,,,,,,,,0,,,0,0,0,,,,5055.0,5055.0,1,0,0,586,0.0,,
275,W-849160,Items-TS-04699105-UK,10,Items-TS-04699105-UK,214,0,06-06-2022 01:00:00,08-06-2022 06:47:00,,,,,,,0,,,1,0,0,,,,,,1,0,0,938,0.0,,
276,W-575208,Items-SB-02355705-UK,10,Items-SB-02355705-UK,198,0,06-06-2022 01:00:00,,,,,,,,0,,,0,1,3801,,,,5225.0,5225.0,0,0,1,2,,,
277,W-565051,Items-EP-03940730-IN,10,Items-EP-03940730-IN,157,0,06-06-2022 01:00:00,08-06-2022 07:23:00,,,,,,,0,,,0,1,0,,,,905.0,905.0,0,0,1,210,0.0,,
278,W-422899,Items-TS-06064368-US,10,Items-TS-06064368-US,184,1,06-06-2022 01:00:00,,,,,,,,0,,,0,0,0,,,,2200.0,2200.0,0,0,0,249,0.0,,
279,W-611496,Items-EP-01965204-IN,100,Items-EP-01965204-IN,161,0,06-06-2022 01:00:00,,,,,,,,0,,,1,0,3872,,,,,,0,0,0,553,0.0,,
280,W-774285,Items-EE-00741901-CH,10,Items-EE-00741901-CH,155,1,06-06-2022 01:00:00,,,,,,,,0,,,1,1,0,,,,3805.0,3805.0,0,0,0,656,,,
281,W-970762,Items-TS-03319863-CH,10,Items-TS-03319863-CH,188,0,06-06-2022 01:00:00,10-06-2022 06:37:00,,,,,,,0,,,0,1,0,,,,,,0,0,1,957,0.0,,
282,W-82550,Items-SB-03591404-JP,100,Items-SB-03591404-JP,154,0,06-06-2022 01:00:00,10-06-2022 08:27:00,,,,,,,0,,,0,1,3201,,,,,,0,0,0,988,,,
283,W-303813,Items-BC-01462424-JP,100,Items-BC-01462424-JP,213,0,06-06-2022 01:00:00,10-06-2022 07:38:00,,,,,,,0,,,1,1,0,,,,,,1,0,1,548,0.0,,
284,W-881620,Items-BC-02610967-US,10,Items-BC-02610967-US,172,0,06-06-2022 01:00:00,11-06-2022 05:36:00,,,,,,,0,,,1,0,0,,,,,,1,0,0,993,,,
285,W-79083,Items-SB-02330381-US,10,Items-SB-02330381-US,208,0,06-06-2022 01:00:00,,,,,,,,0,,,1,1,0,,,,,,0,0,0,448,,,
286,W-761991,Items-EE-04886293-BR,100,Items-EE-04886293-BR,182,1,06-06-2022 01:00:00,07-06-2022 08:36:00,,,,,,,0,,,0,1,0,,,,552.0,552.0,0,0,0,288,0.0,,
287,W-727473,Items-BC-06949570-JP,10,Items-BC-06949570-JP,224,1,06-06-2022 01:00:00,11-06-2022 09:39:00,,,,,,,0,,,0,1,0,,,,2209.0,2209.0,1,0,0,778,,,
288,W-452313,Items-BC-00078136-US,10,Items-BC-00078136-US,172,1,07-06-2022 14:00:00,,,,,,,,0,,,0,1,4611,,,,3991.0,3991.0,0,0,0,380,0.0,,
289,W-967609,Items-BC-01252357-US,10,Items-BC-01252357-US,175,0,07-06-2022 14:00:00,12-06-2022 22:20:00,,,,,,,0,,,0,0,3809,,,,2199.0,2199.0,1,0,0,322,0.0,,
290,W-112446,Items-EP-03052349-BR,10,Items-EP-03052349-BR,241,1,07-06-2022 14:00:00,,,,,,,,0,,,1,1,0,,,,3259.0,3259.0,0,0,0,716,0.0,,
291,W-207336,Items-TS-07978610-IN,100,Items-TS-07978610-IN,183,1,07-06-2022 14:00:00,,,,,,,,0,,,1,1,0,,,,,,1,0,1,754,,,
292,W-443433,Items-EP-02043706-UK,100,Items-EP-02043706-UK,161,0,07-06-2022 14:00:00,09-06-2022 20:45:00,,,,,,,0,,,1,1,3716,,,,,,1,0,0,377,0.0,,
293,W-27935,Items-BC-02647288-JP,10,Items-BC-02647288-JP,211,0,07-06-2022 14:00:00,,,,,,,,0,,,1,1,0,,,,1523.0,1523.0,0,0,0,288,0.0,,
294,W-477477,Items-BC-03055426-CH,10,Items-BC-03055426-CH,237,0,07-06-2022 14:00:00,,,,,,,,0,,,1,1,0,,,,,,0,0,1,899,,,
295,W-50131,Items-EE-09684287-CH,10,Items-EE-09684287-CH,228,1,07-06-2022 14:00:00,,,,,,,,0,,,1,1,0,,,,,,1,0,1,285,0.0,,
296,W-269080,Items-SB-09133837-BR,100,Items-SB-09133837-BR,192,0,07-06-2022 14:00:00,12-06-2022 19:30:00,,,,,,,0,,,0,1,0,,,,3952.0,3952.0,1,0,0,667,0.0,,
297,W-474309,Items-EP-03052349-BR,10,Items-EP-03052349-BR,235,1,07-06-2022 14:00:00,09-06-2022 19:25:00,,,,,,,0,,,0,0,0,,,,251.0,251.0,0,0,0,910,0.0,,
298,W-840060,Items-BC-08829600-JP,10,Items-BC-08829600-JP,220,0,07-06-2022 14:00:00,10-06-2022 18:32:00,,,,,,,0,,,0,0,0,,,,3286.0,3286.0,1,0,0,115,,,
299,W-627806,Items-TS-03796255-IN,10,Items-TS-03796255-IN,152,0,07-06-2022 14:00:00,,,,,,,,0,,,0,1,3481,,,,4873.0,4873.0,1,0,0,834,,,
300,W-997182,Items-BC-07313892-JP,100,Items-BC-07313892-JP,250,1,07-06-2022 14:00:00,,,,,,,,0,,,1,0,3923,,,,2894.0,2894.0,0,0,0,806,,,
301,W-37973,Items-BC-01462424-JP,100,Items-BC-01462424-JP,185,1,07-06-2022 14:00:00,12-06-2022 20:42:00,,,,,,,0,,,1,0,0,,,,1919.0,1919.0,1,0,1,576,,,
302,W-252012,Items-EP-00105503-JP,100,Items-EP-00105503-JP,219,0,07-06-2022 14:00:00,09-06-2022 21:41:00,,,,,,,0,,,0,0,4741,,,,,,0,0,1,987,,,
303,W-374662,Items-BC-08829600-JP,10,Items-BC-08829600-JP,250,1,07-06-2022 14:00:00,12-06-2022 22:23:00,,,,,,,0,,,0,1,0,,,,,,0,0,0,468,,,
304,W-915077,Items-SB-09133837-BR,10,Items-SB-09133837-BR,192,1,07-06-2022 14:00:00,,,,,,,,0,,,0,1,3904,,,,554.0,554.0,0,0,0,106,0.0,,
305,W-541207,Items-SB-06491467-IN,10,Items-SB-06491467-IN,227,1,07-06-2022 14:00:00,,,,,,,,0,,,1,0,0,,,,,,0,0,0,913,,,
306,W-107710,Items-EE-04886293-BR,10,Items-EE-04886293-BR,224,0,07-06-2022 14:00:00,12-06-2022 20:30:00,,,,,,,0,,,0,0,4623,,,,1114.0,1114.0,1,0,0,201,0.0,,
307,W-708289,Items-TS-06687352-US,10,Items-TS-06687352-US,241,0,07-06-2022 14:00:00,,,,,,,,0,,,0,0,3147,,,,4333.0,4333.0,0,0,0,762,,,
308,W-221617,Items-BC-00366822-IN,10,Items-BC-00366822-IN,242,1,07-06-2022 14:00:00,,,,,,,,0,,,1,1,4326,,,,1714.0,1714.0,1,0,0,854,0.0,,
309,W-327417,Items-EE-00741901-CH,100,Items-EE-00741901-CH,241,1,07-06-2022 14:00:00,10-06-2022 19:25:00,,,,,,,0,,,0,0,0,,,,3920.0,3920.0,1,0,0,170,0.0,,
310,W-813492,Items-EE-04264866-BR,100,Items-EE-04264866-BR,232,1,07-06-2022 14:00:00,09-06-2022 22:28:00,,,,,,,0,,,0,1,3702,,,,,,0,0,0,941,0.0,,
311,W-742130,Items-EE-04886293-BR,10,Items-EE-04886293-BR,198,0,07-06-2022 14:00:00,,,,,,,,0,,,1,0,0,,,,4406.0,4406.0,0,0,0,488,,,
312,W-399166,Items-TS-06064368-US,10,Items-TS-06064368-US,188,0,07-06-2022 11:00:00,,,,,,,,0,,,1,0,0,,,,1695.0,1695.0,0,0,0,231,,,
313,W-612814,Items-BC-02414724-JP,10,Items-BC-02414724-JP,236,1,07-06-2022 11:00:00,,,,,,,,0,,,0,1,4306,,,,3113.0,3113.0,1,0,0,147,0.0,,
314,W-19059,Items-TS-06577660-UK,10,Items-TS-06577660-UK,210,1,07-06-2022 11:00:00,,,,,,,,0,,,1,1,0,,,,,,1,0,0,520,,,
315,W-471687,Items-TS-03538389-US,10,Items-TS-03538389-US,157,1,07-06-2022 11:00:00,08-06-2022 18:25:00,,,,,,,0,,,1,0,0,,,,4866.0,4866.0,0,0,0,601,,,
316,W-725675,Items-BC-00797195-JP,100,Items-BC-00797195-JP,213,0,07-06-2022 11:00:00,,,,,,,,0,,,1,0,0,,,,5090.0,5090.0,0,0,0,799,0.0,,
317,W-979106,Items-BC-09230895-CH,10,Items-BC-09230895-CH,175,0,07-06-2022 11:00:00,,,,,,,,0,,,0,0,0,,,,724.0,724.0,1,0,1,902,0.0,,
318,W-741732,Items-EE-00711445-JP,10,Items-EE-00711445-JP,156,1,07-06-2022 11:00:00,10-06-2022 17:46:00,,,,,,,0,,,0,0,0,,,,,,1,0,0,520,,,
319,W-662094,Items-EE-04264866-BR,100,Items-EE-04264866-BR,176,1,07-06-2022 11:00:00,08-06-2022 16:22:00,,,,,,,0,,,0,0,0,,,,,,0,0,0,891,0.0,,
320,W-141708,Items-EP-06340692-BR,10,Items-EP-06340692-BR,162,1,07-06-2022 11:00:00,,,,,,,,0,,,0,0,3581,,,,1222.0,1222.0,1,0,0,523,0.0,,
321,W-782279,Items-SB-09133837-BR,10,Items-SB-09133837-BR,236,1,07-06-2022 11:00:00,,,,,,,,0,,,0,0,0,,,,398.0,398.0,0,0,0,341,0.0,,
322,W-391128,Items-EP-07767398-CH,100,Items-EP-07767398-CH,214,0,07-06-2022 11:00:00,,,,,,,,0,,,1,1,0,,,,,,0,0,0,809,0.0,,
323,W-311433,Items-BC-02414724-JP,100,Items-BC-02414724-JP,246,0,07-06-2022 11:00:00,11-06-2022 18:26:00,,,,,,,0,,,0,1,3938,,,,,,1,0,0,327,0.0,,
324,W-106622,Items-EP-07185699-JP,100,Items-EP-07185699-JP,169,1,07-06-2022 11:00:00,,,,,,,,0,,,0,0,0,,,,3828.0,3828.0,0,0,0,197,0.0,,
325,W-105707,Items-BC-01252357-US,10,Items-BC-01252357-US,169,0,07-06-2022 11:00:00,11-06-2022 16:24:00,,,,,,,0,,,0,1,0,,,,,,0,0,0,680,0.0,,
326,W-107760,Items-SB-02355705-UK,10,Items-SB-02355705-UK,230,1,07-06-2022 11:00:00,,,,,,,,0,,,0,0,0,,,,,,1,0,0,875,0.0,,
327,W-833516,Items-EP-08948583-UK,10,Items-EP-08948583-UK,171,0,07-06-2022 11:00:00,,,,,,,,0,,,0,1,0,,,,1107.0,1107.0,1,0,1,218,0.0,,
328,W-400450,Items-TS-03796255-IN,100,Items-TS-03796255-IN,232,0,07-06-2022 11:00:00,11-06-2022 19:20:00,,,,,,,0,,,1,0,0,,,,4726.0,4726.0,1,0,0,398,,,
329,W-254925,Items-TS-05745797-BR,10,Items-TS-05745797-BR,179,0,07-06-2022 11:00:00,12-06-2022 19:44:00,,,,,,,0,,,1,1,0,,,,,,0,0,1,516,0.0,,
330,W-321616,Items-BC-06949570-JP,100,Items-BC-06949570-JP,175,1,07-06-2022 11:00:00,08-06-2022 19:39:00,,,,,,,0,,,0,1,0,,,,,,0,0,0,54,,,
331,W-746728,Items-TS-03700767-UK,100,Items-TS-03700767-UK,221,0,07-06-2022 11:00:00,09-06-2022 17:23:00,,,,,,,0,,,0,1,4236,,,,1760.0,1760.0,0,0,0,555,0.0,,
332,W-187289,Items-TS-00223294-BR,10,Items-TS-00223294-BR,159,0,07-06-2022 11:00:00,,,,,,,,0,,,1,0,0,,,,1243.0,1243.0,1,0,0,96,,,
333,W-416664,Items-BC-06673555-BR,10,Items-BC-06673555-BR,191,1,07-06-2022 11:00:00,10-06-2022 15:42:00,,,,,,,0,,,1,0,0,,,,,,1,0,0,563,0.0,,
334,W-663608,Items-TS-03538389-US,100,Items-TS-03538389-US,195,0,07-06-2022 11:00:00,,,,,,,,0,,,1,1,0,,,,4741.0,4741.0,1,0,1,885,0.0,,
335,W-534936,Items-EE-04270935-CH,10,Items-EE-04270935-CH,200,1,07-06-2022 11:00:00,10-06-2022 16:26:00,,,,,,,0,,,1,1,0,,,,176.0,176.0,0,0,1,379,0.0,,
336,W-521099,Items-EP-04737482-IN,10,Items-EP-04737482-IN,193,0,08-06-2022 13:00:00,09-06-2022 21:30:00,,,,,,,0,,,1,1,4195,,,,4036.0,4036.0,1,0,0,479,0.0,,
337,W-327412,Items-SB-07543853-UK,100,Items-SB-07543853-UK,230,1,08-06-2022 13:00:00,,,,,,,,0,,,0,1,0,,,,,,0,0,0,818,0.0,,
338,W-918855,Items-EE-02425548-JP,10,Items-EE-02425548-JP,167,0,08-06-2022 13:00:00,,,,,,,,0,,,1,1,0,,,,,,0,0,0,792,,,
339,W-104803,Items-EE-08274581-US,100,Items-EE-08274581-US,222,0,08-06-2022 13:00:00,,,,,,,,0,,,0,1,0,,,,,,0,0,1,971,0.0,,
340,W-544822,Items-TS-02922392-CH,10,Items-TS-02922392-CH,244,0,08-06-2022 13:00:00,,,,,,,,0,,,1,1,0,,,,,,0,0,0,542,0.0,,
341,W-659813,Items-BC-04459113-US,100,Items-BC-04459113-US,184,0,08-06-2022 13:00:00,,,,,,,,0,,,0,1,0,,,,679.0,679.0,1,0,0,558,0.0,,
342,W-36080,Items-EE-04378618-IN,10,Items-EE-04378618-IN,214,0,08-06-2022 13:00:00,,,,,,,,0,,,0,0,3657,,,,,,0,0,0,663,,,
343,W-104123,Items-EP-00105503-JP,100,Items-EP-00105503-JP,198,1,08-06-2022 13:00:00,12-06-2022 19:26:00,,,,,,,0,,,1,1,0,,,,4551.0,4551.0,0,0,0,32,,,
344,W-12271,Items-EE-01947410-JP,10,Items-EE-01947410-JP,247,1,08-06-2022 13:00:00,12-06-2022 20:33:00,,,,,,,0,,,1,1,3945,,,,,,1,0,0,203,0.0,,
345,W-475674,Items-TS-01948203-UK,10,Items-TS-01948203-UK,190,1,08-06-2022 13:00:00,,,,,,,,0,,,0,0,3698,,,,2079.0,2079.0,1,0,0,473,,,
346,W-659192,Items-SB-01922836-JP,100,Items-SB-01922836-JP,201,1,08-06-2022 13:00:00,09-06-2022 19:27:00,,,,,,,0,,,0,1,0,,,,,,0,0,0,434,0.0,,
347,W-569578,Items-EE-04270935-CH,10,Items-EE-04270935-CH,234,0,08-06-2022 13:00:00,09-06-2022 20:27:00,,,,,,,0,,,1,1,0,,,,3027.0,3027.0,0,0,0,72,,,
348,W-831585,Items-EP-00081648-CH,10,Items-EP-00081648-CH,248,0,08-06-2022 13:00:00,11-06-2022 20:49:00,,,,,,,0,,,1,1,0,,,,2904.0,2904.0,1,0,0,946,0.0,,
349,W-471496,Items-EE-02512664-IN,10,Items-EE-02512664-IN,212,0,08-06-2022 13:00:00,,,,,,,,0,,,1,0,0,,,,,,1,0,0,789,,,
350,W-773785,Items-BC-00366822-IN,100,Items-BC-00366822-IN,213,1,08-06-2022 13:00:00,10-06-2022 19:44:00,,,,,,,0,,,0,0,0,,,,692.0,692.0,0,0,1,176,,,
351,W-937027,Items-EE-02512664-IN,10,Items-EE-02512664-IN,204,0,08-06-2022 13:00:00,09-06-2022 19:45:00,,,,,,,0,,,0,1,0,,,,,,1,0,0,620,0.0,,
352,W-895318,Items-EE-00741901-CH,10,Items-EE-00741901-CH,193,0,08-06-2022 13:00:00,12-06-2022 18:39:00,,,,,,,0,,,1,0,0,,,,3316.0,3316.0,1,0,0,456,,,
353,W-922799,Items-TS-08597855-US,10,Items-TS-08597855-US,172,0,08-06-2022 13:00:00,,,,,,,,0,,,1,1,3711,,,,,,1,0,1,624,0.0,,
354,W-741206,Items-EP-02518400-IN,100,Items-EP-02518400-IN,180,1,08-06-2022 13:00:00,12-06-2022 18:23:00,,,,,,,0,,,0,1,0,,,,,,0,0,0,791,0.0,,
355,W-626103,Items-BC-06673555-BR,10,Items-BC-06673555-BR,201,0,08-06-2022 13:00:00,12-06-2022 21:49:00,,,,,,,0,,,0,0,0,,,,2797.0,2797.0,1,0,0,622,,,
356,W-303435,Items-SB-07595214-JP,100,Items-SB-07595214-JP,160,1,08-06-2022 13:00:00,,,,,,,,0,,,0,0,3597,,,,3657.0,3657.0,0,0,1,377,,,
357,W-526902,Items-SB-06861728-JP,10,Items-SB-06861728-JP,202,0,08-06-2022 13:00:00,,,,,,,,0,,,0,0,0,,,,,,1,0,0,110,0.0,,
358,W-102418,Items-SB-04583531-US,10,Items-SB-04583531-US,219,0,08-06-2022 13:00:00,,,,,,,,0,,,1,1,4510,,,,2979.0,2979.0,0,0,0,92,,,
359,W-811365,Items-EE-04264866-BR,10,Items-EE-04264866-BR,231,1,08-06-2022 13:00:00,,,,,,,,0,,,0,1,0,,,,2990.0,2990.0,0,0,0,892,0.0,,
360,W-187991,Items-EP-04550702-BR,100,Items-EP-04550702-BR,151,1,08-06-2022 01:00:00,09-06-2022 06:47:00,,,,,,,0,,,0,0,0,,,,,,0,0,0,327,,,
361,W-708421,Items-TS-06544504-BR,10,Items-TS-06544504-BR,175,1,08-06-2022 01:00:00,12-06-2022 08:21:00,,,,,,,0,,,1,1,0,,,,,,0,0,0,997,,,
362,W-467434,Items-BC-02647288-JP,10,Items-BC-02647288-JP,222,0,08-06-2022 01:00:00,10-06-2022 08:34:00,,,,,,,0,,,1,1,0,,,,4675.0,4675.0,0,0,0,16,0.0,,
363,W-310223,Items-EP-02043706-UK,10,Items-EP-02043706-UK,220,1,08-06-2022 01:00:00,,,,,,,,0,,,0,1,0,,,,,,1,0,0,885,0.0,,
364,W-568487,Items-BC-03055426-CH,10,Items-BC-03055426-CH,181,1,08-06-2022 01:00:00,,,,,,,,0,,,0,0,0,,,,,,0,0,1,333,,,
365,W-521267,Items-EP-01965204-IN,10,Items-EP-01965204-IN,204,0,08-06-2022 01:00:00,,,,,,,,0,,,0,1,0,,,,,,0,0,0,526,,,
366,W-306853,Items-EP-02043706-UK,10,Items-EP-02043706-UK,181,0,08-06-2022 01:00:00,,,,,,,,0,,,1,1,0,,,,3636.0,3636.0,1,0,0,973,0.0,,
367,W-218245,Items-TS-01948203-UK,100,Items-TS-01948203-UK,218,1,08-06-2022 01:00:00,09-06-2022 07:33:00,,,,,,,0,,,0,0,0,,,,4996.0,4996.0,0,0,0,411,,,
368,W-114960,Items-BC-07511831-CH,10,Items-BC-07511831-CH,170,1,08-06-2022 01:00:00,,,,,,,,0,,,1,0,0,,,,1441.0,1441.0,1,0,0,78,0.0,,
369,W-418947,Items-TS-07978610-IN,10,Items-TS-07978610-IN,210,0,08-06-2022 01:00:00,12-06-2022 09:44:00,,,,,,,0,,,1,0,0,,,,,,1,0,0,694,,,
370,W-685618,Items-EE-04886293-BR,10,Items-EE-04886293-BR,174,0,08-06-2022 01:00:00,10-06-2022 07:31:00,,,,,,,0,,,0,0,0,,,,,,1,0,0,76,0.0,,
371,W-915496,Items-BC-07511831-CH,10,Items-BC-07511831-CH,177,0,08-06-2022 01:00:00,09-06-2022 05:36:00,,,,,,,0,,,0,1,3201,,,,4113.0,4113.0,1,0,1,605,0.0,,
372,W-150427,Items-EP-02518400-IN,10,Items-EP-02518400-IN,233,1,08-06-2022 01:00:00,12-06-2022 05:46:00,,,,,,,0,,,0,0,0,,,,2606.0,2606.0,1,0,0,745,,,
373,W-361138,Items-EE-06739822-CH,100,Items-EE-06739822-CH,197,0,08-06-2022 01:00:00,,,,,,,,0,,,0,1,3231,,,,,,1,0,0,947,0.0,,
374,W-440161,Items-EP-02043706-UK,100,Items-EP-02043706-UK,211,0,08-06-2022 01:00:00,,,,,,,,0,,,0,0,4269,,,,1456.0,1456.0,1,0,0,156,,,
375,W-546477,Items-TS-00223294-BR,10,Items-TS-00223294-BR,229,1,08-06-2022 01:00:00,,,,,,,,0,,,0,0,0,,,,,,1,0,0,370,0.0,,
376,W-901280,Items-SB-00509063-CH,100,Items-SB-00509063-CH,197,1,08-06-2022 01:00:00,10-06-2022 07:46:00,,,,,,,0,,,1,1,0,,,,2278.0,2278.0,0,0,1,319,0.0,,
377,W-618309,Items-EE-00048982-CH,100,Items-EE-00048982-CH,196,1,08-06-2022 01:00:00,,,,,,,,0,,,1,0,3759,,,,,,0,0,0,788,,,
378,W-122346,Items-EE-02425548-JP,100,Items-EE-02425548-JP,185,1,08-06-2022 01:00:00,,,,,,,,0,,,0,0,0,,,,,,0,0,1,239,,,
379,W-241712,Items-EP-07767398-CH,10,Items-EP-07767398-CH,175,1,08-06-2022 01:00:00,,,,,,,,0,,,0,0,0,,,,,,1,0,0,918,0.0,,
380,W-729381,Items-EE-01061855-BR,100,Items-EE-01061855-BR,246,0,08-06-2022 01:00:00,11-06-2022 09:25:00,,,,,,,0,,,1,1,4405,,,,462.0,462.0,1,0,0,780,,,
381,W-233931,Items-EP-04536209-JP,10,Items-EP-04536209-JP,248,0,08-06-2022 01:00:00,,,,,,,,0,,,0,1,0,,,,1705.0,1705.0,1,0,1,708,,,
382,W-738023,Items-TS-01921426-IN,10,Items-TS-01921426-IN,162,0,08-06-2022 01:00:00,10-06-2022 05:45:00,,,,,,,0,,,1,1,0,,,,5221.0,5221.0,0,0,1,233,0.0,,
383,W-295325,Items-EP-03621157-BR,10,Items-EP-03621157-BR,249,1,08-06-2022 01:00:00,,,,,,,,0,,,1,1,0,,,,,,0,0,0,25,,,
384,W-921559,Items-TS-06196662-JP,10,Items-TS-06196662-JP,169,1,09-06-2022 21:00:00,15-06-2022 02:42:00,,,,,,,0,,,1,1,4210,,,,,,1,0,0,752,0.0,,
385,W-801579,Items-BC-02647288-JP,100,Items-BC-02647288-JP,193,1,09-06-2022 21:00:00,,,,,,,,0,,,1,0,0,,,,,,1,0,1,632,,,
386,W-166877,Items-TS-08527791-UK,100,Items-TS-08527791-UK,235,0,09-06-2022 21:00:00,,,,,,,,0,,,1,0,0,,,,,,0,0,0,818,,,
387,W-532426,Items-EP-04737482-IN,100,Items-EP-04737482-IN,172,0,09-06-2022 21:00:00,12-06-2022 04:30:00,,,,,,,0,,,1,1,3345,,,,,,1,0,0,207,,,
388,W-523161,Items-BC-02610967-US,100,Items-BC-02610967-US,184,1,09-06-2022 21:00:00,11-06-2022 01:33:00,,,,,,,0,,,0,0,4420,,,,3808.0,3808.0,0,0,0,674,,,
389,W-790496,Items-TS-02922392-CH,100,Items-TS-02922392-CH,246,1,09-06-2022 21:00:00,11-06-2022 01:48:00,,,,,,,0,,,0,1,0,,,,1479.0,1479.0,0,0,0,136,0.0,,
390,W-393549,Items-BC-07313892-JP,100,Items-BC-07313892-JP,210,0,09-06-2022 21:00:00,12-06-2022 04:24:00,,,,,,,0,,,0,0,0,,,,1594.0,1594.0,0,0,0,75,0.0,,
391,W-343395,Items-SB-04583531-US,100,Items-SB-04583531-US,241,1,09-06-2022 21:00:00,11-06-2022 05:25:00,,,,,,,0,,,0,0,0,,,,,,0,0,0,270,0.0,,
392,W-925589,Items-TS-04165340-US,100,Items-TS-04165340-US,181,0,09-06-2022 21:00:00,12-06-2022 02:37:00,,,,,,,0,,,0,1,4894,,,,4732.0,4732.0,1,0,0,125,,,
393,W-193295,Items-EP-03621157-BR,100,Items-EP-03621157-BR,205,0,09-06-2022 21:00:00,,,,,,,,0,,,1,0,4148,,,,3270.0,3270.0,1,0,0,606,,,
394,W-616476,Items-EE-04264866-BR,10,Items-EE-04264866-BR,223,1,09-06-2022 21:00:00,,,,,,,,0,,,0,0,0,,,,,,0,0,1,303,0.0,,
395,W-611655,Items-BC-03358366-US,10,Items-BC-03358366-US,195,1,09-06-2022 21:00:00,,,,,,,,0,,,1,0,0,,,,1371.0,1371.0,1,0,0,126,,,
396,W-142433,Items-EP-07185699-JP,100,Items-EP-07185699-JP,245,1,09-06-2022 21:00:00,14-06-2022 04:44:00,,,,,,,0,,,0,0,3976,,,,,,1,0,0,39,,,
397,W-186524,Items-SB-06392547-CH,100,Items-SB-06392547-CH,222,0,09-06-2022 21:00:00,11-06-2022 04:24:00,,,,,,,0,,,1,1,3291,,,,,,1,0,0,985,,,
398,W-636160,Items-BC-06809611-UK,100,Items-BC-06809611-UK,250,0,09-06-2022 21:00:00,15-06-2022 05:49:00,,,,,,,0,,,1,1,0,,,,1601.0,1601.0,1,0,0,924,,,
399,W-829330,Items-EP-03466409-IN,10,Items-EP-03466409-IN,240,1,09-06-2022 21:00:00,,,,,,,,0,,,0,0,0,,,,944.0,944.0,1,0,0,448,0.0,,
400,W-249339,Items-EP-04737482-IN,10,Items-EP-04737482-IN,150,0,09-06-2022 21:00:00,11-06-2022 02:36:00,,,,,,,0,,,1,0,3345,,,,,,0,0,0,158,0.0,,
401,W-996509,Items-BC-00366822-IN,10,Items-BC-00366822-IN,196,1,09-06-2022 21:00:00,,,,,,,,0,,,1,1,0,,,,,,0,0,0,733,,,
402,W-271261,Items-EE-09684287-CH,10,Items-EE-09684287-CH,224,1,09-06-2022 21:00:00,,,,,,,,0,,,1,0,0,,,,,,1,0,0,497,0.0,,
403,W-786105,Items-BC-06809611-UK,10,Items-BC-06809611-UK,222,0,09-06-2022 21:00:00,,,,,,,,0,,,0,1,0,,,,2843.0,2843.0,0,0,0,503,0.0,,
404,W-12196,Items-TS-03538389-US,10,Items-TS-03538389-US,234,1,09-06-2022 21:00:00,,,,,,,,0,,,0,1,3106,,,,,,0,0,0,954,0.0,,
405,W-27861,Items-EP-03052349-BR,100,Items-EP-03052349-BR,173,0,09-06-2022 21:00:00,,,,,,,,0,,,1,1,3974,,,,,,1,0,0,332,0.0,,
406,W-424649,Items-BC-03055426-CH,10,Items-BC-03055426-CH,205,0,09-06-2022 21:00:00,,,,,,,,0,,,0,1,3301,,,,,,0,0,0,770,,,
407,W-727654,Items-SB-02355705-UK,10,Items-SB-02355705-UK,234,0,09-06-2022 21:00:00,,,,,,,,0,,,1,1,4730,,,,,,1,0,0,165,0.0,,
408,W-555378,Items-TS-06879613-JP,100,Items-TS-06879613-JP,245,0,09-06-2022 16:00:00,,,,,,,,0,,,1,0,0,,,,3936.0,3936.0,1,0,0,774,,,
409,W-846550,Items-EP-07767398-CH,10,Items-EP-07767398-CH,247,1,09-06-2022 16:00:00,,,,,,,,0,,,0,0,4974,,,,1949.0,1949.0,1,0,0,303,0.0,,
410,W-408469,Items-EP-02565413-IN,10,Items-EP-02565413-IN,229,1,09-06-2022 16:00:00,10-06-2022 23:42:00,,,,,,,0,,,1,1,3585,,,,2864.0,2864.0,1,0,0,945,0.0,,
411,W-881470,Items-BC-01462424-JP,10,Items-BC-01462424-JP,150,0,09-06-2022 16:00:00,11-06-2022 22:25:00,,,,,,,0,,,0,0,3427,,,,3748.0,3748.0,0,0,0,726,,,
412,W-941340,Items-BC-06809611-UK,10,Items-BC-06809611-UK,153,1,09-06-2022 16:00:00,,,,,,,,0,,,1,1,0,,,,1931.0,1931.0,0,0,0,546,,,
413,W-27717,Items-EE-04886293-BR,10,Items-EE-04886293-BR,220,0,09-06-2022 16:00:00,10-06-2022 20:30:00,,,,,,,0,,,1,1,4475,,,,780.0,780.0,1,0,0,881,0.0,,
414,W-875215,Items-EP-03466409-IN,10,Items-EP-03466409-IN,224,0,09-06-2022 16:00:00,11-06-2022 22:43:00,,,,,,,0,,,0,0,0,,,,,,0,0,0,258,0.0,,
415,W-58837,Items-SB-07543853-UK,10,Items-SB-07543853-UK,189,1,09-06-2022 16:00:00,,,,,,,,0,,,0,0,0,,,,,,0,0,0,144,0.0,,
416,W-563201,Items-BC-08829600-JP,10,Items-BC-08829600-JP,217,0,09-06-2022 16:00:00,13-06-2022 20:45:00,,,,,,,0,,,0,0,0,,,,1382.0,1382.0,0,0,0,440,,,
417,W-145292,Items-EP-03466409-IN,100,Items-EP-03466409-IN,172,1,09-06-2022 16:00:00,,,,,,,,0,,,0,0,4534,,,,430.0,430.0,1,0,0,469,,,
418,W-675529,Items-SB-06861728-JP,10,Items-SB-06861728-JP,235,0,09-06-2022 16:00:00,,,,,,,,0,,,0,1,3561,,,,,,0,0,0,79,0.0,,
419,W-799993,Items-BC-00797195-JP,10,Items-BC-00797195-JP,191,1,09-06-2022 16:00:00,10-06-2022 21:39:00,,,,,,,0,,,1,0,4172,,,,1155.0,1155.0,0,0,1,642,0.0,,
420,W-936893,Items-TS-06064368-US,10,Items-TS-06064368-US,230,0,09-06-2022 16:00:00,14-06-2022 22:30:00,,,,,,,0,,,0,0,0,,,,,,1,0,0,747,,,
421,W-654454,Items-EE-00741901-CH,100,Items-EE-00741901-CH,228,0,09-06-2022 16:00:00,,,,,,,,0,,,0,1,0,,,,2444.0,2444.0,1,0,0,180,0.0,,
422,W-722358,Items-SB-00509063-CH,100,Items-SB-00509063-CH,159,1,09-06-2022 16:00:00,,,,,,,,0,,,1,1,0,,,,4221.0,4221.0,1,0,0,574,0.0,,
423,W-9846,Items-TS-08597855-US,10,Items-TS-08597855-US,212,1,09-06-2022 16:00:00,12-06-2022 21:48:00,,,,,,,0,,,1,0,0,,,,3164.0,3164.0,1,0,0,507,0.0,,
424,W-277144,Items-EE-07197264-UK,100,Items-EE-07197264-UK,173,1,09-06-2022 16:00:00,,,,,,,,0,,,0,1,0,,,,,,1,0,0,380,,,
425,W-499744,Items-EP-01965204-IN,10,Items-EP-01965204-IN,189,1,09-06-2022 16:00:00,12-06-2022 00:21:00,,,,,,,0,,,0,1,0,,,,,,0,0,0,505,,,
426,W-856738,Items-EP-03052349-BR,10,Items-EP-03052349-BR,157,0,09-06-2022 16:00:00,,,,,,,,0,,,0,0,4605,,,,,,0,0,0,801,,,
427,W-172872,Items-EP-02518400-IN,100,Items-EP-02518400-IN,190,1,09-06-2022 16:00:00,,,,,,,,0,,,0,1,3451,,,,168.0,168.0,0,0,1,803,0.0,,
428,W-32987,Items-TS-01921426-IN,10,Items-TS-01921426-IN,203,0,09-06-2022 16:00:00,12-06-2022 00:42:00,,,,,,,0,,,0,0,0,,,,795.0,795.0,0,0,1,450,,,
429,W-340426,Items-EP-00105503-JP,100,Items-EP-00105503-JP,181,1,09-06-2022 16:00:00,11-06-2022 23:23:00,,,,,,,0,,,1,0,4694,,,,1753.0,1753.0,1,0,0,694,0.0,,
430,W-36188,Items-SB-02330381-US,100,Items-SB-02330381-US,218,1,09-06-2022 16:00:00,,,,,,,,0,,,1,0,0,,,,1515.0,1515.0,1,0,1,857,0.0,,
431,W-989803,Items-EP-07767398-CH,10,Items-EP-07767398-CH,210,0,09-06-2022 16:00:00,,,,,,,,0,,,0,1,0,,,,,,1,0,0,958,,,
